ordem_original,ordem_corrigida
Score|Engeo Pleno S,Engeo Pleno S|Score
Roundup Original DI|Lannate BR,Lannate BR|Roundup Original DI
Opera Ultra|Engeo Pleno S|Ally,Ally|Engeo Pleno S|Opera Ultra
Roundup Original DI|Score|Engeo Pleno S|Ally,Ally|Roundup Original DI|Engeo Pleno S|Score
Nimbus|Score|Priori Xtra|Lannate BR,Lannate BR|Priori Xtra|Score|Nimbus
"2,4-D|roundup|decanto|buldock|áureo","2,4-D|decanto|buldock|roundup|áureo"
dessek|methos|glufusinato|terrador|curbix|áureo óleo,dessek|glufusinato|curbix|terrador|methos|áureo óleo
dessek|roundup|Cartago|Diflumax|óleo mineral,dessek|roundup|Diflumax|Cartago|óleo mineral
Actron|Terpen|Unizeb Gold|Miravis Duo|Flasher|Nomolt|Kasumin|Intense,Actron|Terpen|Unizeb Gold|Flasher|Miravis Duo|Nomolt|Kasumin|Intense
Actron|atrazina|flumioxazina|diquat|auron,Actron|atrazina|flumioxazina|diquat|auron
Actron|atrazina|flumioxazina|diquat|Metomil|auron|abamectina,Actron|Metomil|atrazina|flumioxazina|diquat|abamectina|auron
Actron|Teburaz|Maragato|Sperto|Auron,Actron|Sperto|Teburaz|Maragato|Auron
Actron|Glifosato|Atrazina|Auron|Belt,Actron|Atrazina|Belt|Glifosato|Auron
Adjuvante|Feroce|Primatop|Adengo|Óleo,Adjuvante|Feroce|Primatop|Adengo|Óleo
Adjuvante|Original mais|Elevore|Cletodim|Flumizin|Óleo,Adjuvante|Flumizin|Original mais|Elevore|Cletodim|Óleo
"Finale|Select|Heat|Roundup WG|Actron|Auron|2,4 D Aminol","Actron|Heat|Roundup WG|Finale|Select|Auron|2,4 D Aminol"
