nome,nomes_alternativos,registro_mapa,formulacao,posicao,fonte,data_conferencia,principio_ativo
Roundup Original DI,Roundup|Glifosato Nufarm|Glifos|Original Mais|Original DI|Xeque Mate|Trop|Trop Max|Crucial|Zapp QI 620|Zapp QI|Glifosato UPL|Glifosato Nortox|Gliforte|Roundup Ultra|Roundup Original|Glifosato Atanor|Glifosato Helm|Glifosato 480|Glyphotal,BR-001-EXEMPLO,SL,16,bula_fabricante + pesquisa MAPA,2024-01-10,glifosato
Engeo Pleno S,Engeo|Engeo Pleno,BR-002-EXEMPLO,SC,8,bula_fabricante,2024-01-10,tiametoxam+lambda-cialotrina
Lannate BR,Lannate|Metomil|Lannate 215,BR-003-EXEMPLO,SP,4,bula_fabricante,2024-01-10,metomil
Opera Ultra,Opera|Opera 183,BR-004-EXEMPLO,SE,10,bula_fabricante,2024-01-10
Score,Score 250 EC|Difenoconazol|Fleris|Difo 250|Agrotop|Pilardifen|Ditor|Kayko|Sevare|Difenoconazol Nortox,BR-005-EXEMPLO,EC,11,bula_fabricante + pesquisa MAPA,2024-01-10,difenoconazol
Ally,Ally 60 WG|Metsulfuron,BR-006-EXEMPLO,WG,6,bula_fabricante,2024-01-10
Priori Xtra,Priori|Priori Top,BR-007-EXEMPLO,SC,8,bula_fabricante,2024-01-10
Nomolt 150,Nomolt|Teflubenzuron,BR-008-EXEMPLO,SC,8,bula_fabricante,2024-01-10
Nimbus,Nimbus Óleo Mineral|Óleo mineral|Óleo Mineral|Assist|Agefix|Miner Oil|Lupoil|Attach|Naturoleo|Oleo mineral,BR-009-EXEMPLO,OLEO,12,bula_fabricante + pesquisa MAPA,2024-01-10,oleo mineral
Agral,Agral 90|Espalhante adesivo Agral,BR-010-EXEMPLO,ADJUVANTE,17,bula_fabricante,2024-01-10
Derosal Plus,Derosal|Carbendazim tiram,BR-011-EXEMPLO,SC,8,bula_fabricante,2024-01-10
Karate Zeon,Karate|Lambda-cialotrina|Samurai|Bushi|Waza-Ari|Kadosh|Surrateiro|Trinca Caps|Kusti|Lecar|Lambda-Cialotrina Nortox,BR-012-EXEMPLO,CS,7,bula_fabricante + pesquisa MAPA,2024-01-10,lambda-cialotrina
Galil SC,Galil|Azoxistrobina+Benzovindiflupir,BR-013-EXEMPLO,SC,8,bula_fabricante,2024-01-10
Decis Protech,Decis|Deltametrina|Decis 25 EC|Delros|Keshet|Deltametrina Nortox,BR-014-EXEMPLO,EC,11,bula_fabricante + pesquisa MAPA,2024-01-10,deltametrina
Sequência Solúvel,Sequência|Condicionador pH,BR-015-EXEMPLO,ADJUVANTE,2,bula_fabricante,2024-01-10
Óleo de laranja,oleo da laranja,,OLEO,12,consulta_ia (ingrediente: óleo de laranja) — pendente confirmação,pendente (2026-10-08)
Fox Xpro,fox x pro,,SC,8,consulta_ia — pendente confirmação,pendente (2026-10-08),trifloxistrobina+protioconazol+bixafen
Adjuvante (genérico),adjuvante,,,2,condicionador genérico — confirmado pelo consultor,pendente (2026-10-08)
Mancozeb,Dithane|Manzate|Mancozeb Nortox,,WP,5,consulta_ia — pendente confirmação,pendente (2026-10-08),mancozeb
"2,4-D Amina","2,4-D|2,4-D Nortox|DMA 806|DMA 806 BR|U-46|U-46 BR|U46|U46 Prime|U46 prime|Aminol|Aminol 806|2,4 D Aminol|2,4-D CHDS|2,4-D Copalliance|Atulamina|Atulamina 806|Campeon|Cortador|Dez|Dical|Grant|Herbi D-480|Herbimax|Krost|Mirant|Navajo|Troller|2,4-D Agritec|2,4-D 806 RN|Esteron",,SL,16,pesquisa MAPA — amina SL,pendente (2026-10-09),2,4-D
Decanto,Decanto Prime,,SC,8,análise ordem agrônomo — pendente confirmação,pendente (2026-10-08)
Heat,Heat 70 WG|Saflufenacil,,WG,6,análise ordem agrônomo — pendente confirmação,pendente (2026-10-08),saflufenacil
Bulldock,Buldock|Bulldock 25 EC|Beta-ciflutrina,,EC,11,análise ordem agrônomo — pendente confirmação,pendente (2026-10-08)
Áureo,Aureo|Áureo Nufarm|Áureo Óleo|Aureo Oleo,,OLEO,12,adjuvante óleo — confirmado pelo consultor,2026-10-09
Dessek,,,ADJUVANTE,2,adjuvante condicionador de calda,2026-10-09
Triclon,Triclopyr|Triclon EC,,EC,11,UPL — confirmado pelo consultor,pendente (2026-10-08)
Insectrin,,,EC,11,piretroide — pendente confirmação formulação,pendente (2026-10-08)
Cletodim,Cletodin|Select 240 EC|Select|Clethodim|Poquer|Poker|Freno|Freno 240 EC|Luxor RA|Pre-Force|Alba|Clethion|Cletodim CHDS|Cletodim CCAB,,EC,11,graminicida — pesquisa MAPA,pendente (2026-10-09),cletodim
Bivack,Bivak|Bivack EC,,EC,11,inseticida EC — pendente confirmação,pendente (2026-10-08)
Terrador,Terrador 339 SC|Tiafenacil,,SC,8,bula SC 339g/L tiafenacil — Ouro Fino/FarmHannong,pendente (2026-10-08)
Glufosinato,Glufusinato|Glufosinato de amônio|Finale|Liberty|Trusinate|Glufour|Glufosinate Wood,,SL,16,herbicida SL — pesquisa MAPA,pendente (2026-10-09),glufosinato
Glufosinato WG,Serpens|Serpens 800 WG|Audace WG|Glufosinate 850 WG,,WG,6,herbicida WG — pesquisa MAPA,pendente (2026-10-09),glufosinato
Li 700,Li700|LI 700|LI-700,,ADJUVANTE,2,adjuvante condicionador de calda,2026-10-09
Curbix,Curbix 200 SC|Etiprole,,SC,8,inseticida SC Bayer — bula confirmada,pendente (2026-10-08)
Aclamado,Aclamado BR|Atrazina 500|Atrazina SC|Atrazina Nortox|Gesaprim 500,,SC,8,herbicida SC — pesquisa MAPA,pendente (2026-10-09),atrazina
Methos,Methos 960 TM|S-metolacloro,,EC,11,herbicida EC Proventis — bula confirmada,pendente (2026-10-08)
Ativon,Ativon Adjuvante,,ADJUVANTE,2,adjuvante condicionador de calda,2026-10-09
Cartago,Cartago EC|Cletodim Cartago,,EC,11,cletodim 240 EC — bula confirmada,pendente (2026-10-08),cletodim
Diflumax,Diflumax 240 SC|Diflubenzurom,,SC,8,inseticida SC Helm — bula confirmada,pendente (2026-10-08)
Ademir Wet,Ademir,,ADJUVANTE,2,adjuvante condicionador de calda,2026-10-09
Soberan,Soberam|Soberan 420 SC|Tembotriona,,SC,8,herbicida SC Bayer — bula confirmada,pendente (2026-10-08)
Kasumin,Kassumin|Kasumaiz|Casugamicina,,SL,16,fungicida/bactericida SL UPL — bula confirmada,pendente (2026-10-08)
Belt,Belt 480 SC|Flubendiamida,,SC,8,inseticida SC Bayer — bula confirmada,pendente (2026-10-08),flubendiamida
Multikel Zinco,Multikel Zn|Multikel,,FERTILIZANTE,18,fertilizante foliar zinco,2026-10-09
Biocomoni,BioCoMoNi|Bio Co Mo Ni,,FERTILIZANTE,18,fertilizante foliar Co+Mo+Ni,2026-10-09
Actron,,,ADJUVANTE,2,adjuvante condicionador de calda,2026-10-09
Terpen,Terpen Óleo de Laranja,,OLEO,12,óleo de laranja — confirmado pelo consultor,2026-10-09
Unizeb Gold,Unizeb|Mancozeb 750 WG|Disarm|Vigold,,WG,6,fungicida WG UPL — bula confirmada,pendente (2026-10-08),mancozeb
Miravis Duo,Miravis|Pidiflumetofen+Difenoconazol,,SC,8,fungicida SC Syngenta — bula confirmada,pendente (2026-10-08),pydiflumetofen+difenoconazol
Flasher,Flasher SC|Flasher CHDS|Etiprole 200 SC,,SC,8,inseticida SC etiprole — bula confirmada,pendente (2026-10-08)
Intense,,,OLEO,12,óleo vegetal — confirmado pelo consultor,2026-10-09
Flumioxazina,Flumioxazin|Flumioxazin 500 SC,,SC,8,herbicida SC — bula confirmada,pendente (2026-10-08)
Flumizin,Flumyzin|Flumyzin 500 WP,,WP,5,herbicida WP — confirmado pelo consultor (dose em kg),pendente (2026-10-08)
Diquat,Diquate|Reglone|Diquat 200 SL,,SL,16,herbicida dessecante SL — bula confirmada,pendente (2026-10-08),diquate
Auron,,,OLEO,12,óleo vegetal — confirmado pelo consultor,2026-10-09
Abamectina,Abamectin|Kraft|Epimec|Pausato|Abamectin Nortox|Abamectin CCAB|Acarigen,,EC,11,inseticida/acaricida EC — pesquisa MAPA,pendente (2026-10-09),abamectina
Vertimec,Vertimec 84 SC|Savivo,,SC,8,inseticida SC Syngenta — pesquisa MAPA,pendente (2026-10-09),abamectina
Teburaz,Teburaz CI|Azoxistrobina+Tebuconazol,,SC,8,fungicida SC Ouro Fino — bula confirmada,pendente (2026-10-08),azoxistrobina+tebuconazol
Maragato,Maragato 500 EC|Propiconazol,,EC,11,fungicida EC Cropchem — bula confirmada,pendente (2026-10-08)
Sperto,Bright|Akom|Acetamiprido+Bifentrina,,WG,6,inseticida WG UPL — bula confirmada,pendente (2026-10-08)
Feroce,Feroce WG|Acefato+Bifentrina,,WG,6,inseticida WG UPL — bula confirmada,pendente (2026-10-08)
Primatop,Primatop SC|Atrazina+Simazina,,SC,8,herbicida SC Syngenta — bula confirmada,pendente (2026-10-08)
Adengo,Adengo SC|Isoxaflutol+Tiencarbazona,,SC,8,herbicida SC Bayer — bula confirmada,pendente (2026-10-08)
Elevore,Elevore SC|Halauxifeno,,SC,8,herbicida SC Corteva — bula confirmada,pendente (2026-10-08)
Ampligo,Ampligo 150 ZC|Clorantraniliprole+Lambda,,SC,8,inseticida Syngenta reg 0610 — bula confirmada,pendente (2026-10-08)
Kellus Zinc,Kellus Zn|Kellus Zinco,,FERTILIZANTE,18,fertilizante foliar zinco quelatado,2026-10-09
Roundup WG,Roundup Transorb WG|Glifosato WG|Xeque Mate WG|Stinger WG|Zapp WG|Glifa 720 WG|Glifosato 72 WG|Glifosato CHDS 720 WG|Fortop Glifosato 720 WG,,WG,6,herbicida WG — pesquisa MAPA,pendente (2026-10-09),glifosato
Xeque Mate SG,Glifumax|Glifosato SG,,SG,3,herbicida SG — pesquisa MAPA,pendente (2026-10-09),glifosato
Atrazina WG,Gesaprim|Gesaprim GrDa|Atranex WG|Coyote WG|Proof|Herbitrin|Atrazina Nortox WG|Bloqueo WG|Atrast 900 WG|Atrazina 900 WG,,WG,6,herbicida WG — pesquisa MAPA,pendente (2026-10-09),atrazina
Haloxifop,Haloxifope|Haloxyfop|Verdict|Verdict Ultra|Verdict NF|Gallant|Gallant R|Gallant Max|Gallant Ultra|Missil Ultra|Viggie Force|Halox|Verdão,,EC,11,graminicida EC — pesquisa MAPA,pendente (2026-10-09),haloxifop
Paxeo,Paxeo WG,,WG,6,herbicida WG Corteva — pesquisa MAPA reg 28021,pendente (2026-10-09),halauxifeno-metil+diclosulam
Oxyon,,,OLEO,12,óleo mineral — informado pelo usuário,2026-10-09,oleo mineral
Nativo,Nativo SC|Nativo Bayer,,SC,8,cadastro manual — produto comercial comum,2026-10-09,trifloxistrobina+tebuconazol
Aproach Prima,Aproach|Aproach SC,,SC,8,cadastro manual — produto comercial comum,2026-10-09,picoxistrobina+ciproconazol
Sphere Max,Sphere|Esfera Max,,SC,8,cadastro manual — produto comercial comum,2026-10-09,trifloxistrobina+ciproconazol
Amistar Top,Amistar,,SC,8,cadastro manual — produto comercial comum,2026-10-09,azoxistrobina+difenoconazol
Orkestra,Orkestra SC|Orkestra BASF,,SC,8,cadastro manual — produto comercial comum,2026-10-09,piraclostrobina+fluxapiroxade
Fox,Fox SC|Fox Bayer,,SC,8,cadastro manual — produto comercial comum,2026-10-09,trifloxistrobina+protioconazol
Comet,Comet EC|Comet BASF,,EC,11,cadastro manual — produto comercial comum,2026-10-09,piraclostrobina
Alto 100,Alto|Alto SL|Ciproconazol SL,,SL,16,cadastro manual — produto comercial comum,2026-10-09,ciproconazol
Spider,Spider WG|Spider 840|Diclosulam WG,,WG,6,cadastro manual — produto comercial comum,2026-10-09,diclosulam
Classic,Classic WG|Clorimuron|Clorimuron-etilico,,WG,6,cadastro manual — produto comercial comum,2026-10-09,clorimuron-etilico
Pacto,Pacto WG|Cloransulam|Cloransulam-metilico,,WG,6,cadastro manual — produto comercial comum,2026-10-09,cloransulam-metilico
Callisto,Callisto SC|Mesotriona SC,,SC,8,cadastro manual — produto comercial comum,2026-10-09,mesotriona
Pivot,Pivot SL|Pivot 240|Imazetapir|Vezir,,SL,16,cadastro manual — produto comercial comum,2026-10-09,imazetapir
Connect,Connect SC|Connect Bayer,,SC,8,cadastro manual — produto comercial comum,2026-10-09,imidacloprido+beta-ciflutrina
Premio,Premio SC|Premio Corteva,,SC,8,cadastro manual — produto comercial comum,2026-10-09,clorantraniliprole
Match,Match EC|Match Syngenta|Lufenurom EC,,EC,11,cadastro manual — produto comercial comum,2026-10-09,lufenurom
Mustang,Mustang EC|Mustang 350|Zetacipermetrina EC,,EC,11,cadastro manual — produto comercial comum,2026-10-09,zetacipermetrina
Orthene 750 BR,Orthene|Acefato|Acefato Nortox|Acefato 750,,SP,4,cadastro manual — produto comercial comum,2026-10-09,acefato
Curyom 550 EC,Curyom|Curyom EC,,EC,11,cadastro manual — produto comercial comum,2026-10-09,profenofos+lufenurom
Intrepid 240 SC,Intrepid|Intrepid SC,,SC,8,cadastro manual — produto comercial comum,2026-10-09,metoxifenozida
Certero,Certero SC|Certero Bayer|Triflumurom SC,,SC,8,cadastro manual — produto comercial comum,2026-10-09,triflumurom
Rimon,Rimon EC|Rimon 100|Novalurom EC,,EC,11,cadastro manual — produto comercial comum,2026-10-09,novalurom
Pirate,Pirate SC|Pirate BASF|Clorfenapir SC,,SC,8,cadastro manual — produto comercial comum,2026-10-09,clorfenapir
Regent,Regent 800 WG|Regent WG|Fipronil WG|Fipronil,,WG,6,cadastro manual — produto comercial comum,2026-10-09,fipronil
Larvin,Larvin 800 WG|Larvin WG|Tiodicarbe WG,,WG,6,cadastro manual — produto comercial comum,2026-10-09,tiodicarbe
Cipermetrina,Cipermetrina Nortox|Cipermetrina 250 EC|Cipermil,,EC,11,cadastro manual — generico comum,2026-10-09,cipermetrina
Aurora,Aurora 400 EC|Aurora EC|Carfentrazona,,EC,11,cadastro manual — produto comercial comum,2026-10-09,carfentrazona-etilica
Trifluralina,Trifluralina Nortox|Premerlin|Treflan|Trifluralina 600,,EC,11,cadastro manual — generico comum,2026-10-09,trifluralina
Dimilin,Dimilin WP|Dimilin 80|Diflubenzurom WP,,WP,5,cadastro manual — produto comercial comum,2026-10-09,diflubenzurom
Evidence,Evidence 700 WG|Evidence WG|Imidacloprido WG,,WG,6,cadastro manual — produto comercial comum,2026-10-09,imidacloprido
Primestra Gold,Primestra|Primestra SC,,SC,8,cadastro manual — produto comercial comum,2026-10-09,atrazina+s-metolacloro
Tordon,Tordon SL,,SL,16,cadastro manual — produto comercial comum,2026-10-09,2,4-D+picloram
Folicur,Folicur EC|Folicur 200|Tebuconazol|Tebuconazol Nortox|Tebuconazol 200 EC|Orius,,EC,11,cadastro manual — produto comercial comum,2026-10-09,tebuconazol
Cercobin,Cercobin SC|Cercobin 500|Tiofanato-metilico SC,,SC,8,cadastro manual — produto comercial comum,2026-10-09,tiofanato-metilico
Opus,Opus SC|Opus BASF|Epoxiconazol SC,,SC,8,cadastro manual — produto comercial comum,2026-10-09,epoxiconazol
Actara,Actara WG|Actara 250|Tiametoxam WG,,WG,6,cadastro manual — produto comercial comum,2026-10-09,tiametoxam
Boral,Boral SC|Boral 500|Sulfentrazona SC,,SC,8,cadastro manual — produto comercial comum,2026-10-09,sulfentrazona
Gamit,Gamit Star|Gamit 360|Clomazona CS,,CS,7,cadastro manual — produto comercial comum,2026-10-09,clomazona
Starane,Starane EC|Starane 200|Fluroxipir EC,,EC,11,cadastro manual — produto comercial comum,2026-10-09,fluroxipir
Basagran,Basagran 600|Bentazona SL,,SL,16,cadastro manual — produto comercial comum,2026-10-09,bentazona
Cobra,Cobra EC|Lactofen EC,,EC,11,cadastro manual — produto comercial comum,2026-10-09,lactofen
Flex,Flex SL|Fomesafen SL|Fomesafem,,SL,16,cadastro manual — produto comercial comum,2026-10-09,fomesafen
Talstar,Talstar EC|Talstar 100|Bifentrina EC|Brigade,,EC,11,cadastro manual — produto comercial comum,2026-10-09,bifentrina
Avaunt,Avaunt EC|Avaunt 150|Indoxacarbe EC,,EC,11,cadastro manual — produto comercial comum,2026-10-09,indoxacarbe
Tracer,Tracer SC|Tracer Corteva|Espinosade SC,,SC,8,cadastro manual — produto comercial comum,2026-10-09,espinosade
Delegate,Delegate WG|Delegate 250|Espinetoram WG,,WG,6,cadastro manual — produto comercial comum,2026-10-09,espinetoram
Oberon,Oberon SC|Oberon Bayer|Espiromesifeno SC,,SC,8,cadastro manual — produto comercial comum,2026-10-09,espiromesifeno
Envidor,Envidor SC|Envidor Bayer|Espirodiclofeno SC,,SC,8,cadastro manual — produto comercial comum,2026-10-09,espirodiclofeno
Dipel,Dipel WG|Dipel WP|Bacillus thuringiensis|Bt,,WG,6,cadastro manual — produto comercial comum,2026-10-09,bacillus thuringiensis
Sencor,Sencor SC|Sencor 480|Metribuzim SC,,SC,8,cadastro manual — produto comercial comum,2026-10-09,metribuzim
Kifix,Kifix WG|Imazapir Imazapique,,WG,6,cadastro manual — produto comercial comum,2026-10-09,imazapir+imazapique
Sanson,Sanson SC|Sanson 40|Nicosulfuron SC,,SC,8,cadastro manual — produto comercial comum,2026-10-09,nicosulfuron
Lorsban,Lorsban EC|Lorsban 480|Clorpirifos EC|Clorpirifos Nortox|Nufos,,EC,11,cadastro manual — produto comercial comum,2026-10-09,clorpirifos
Mospilan,Mospilan SP|Mospilan 200|Acetamiprido SP,,SP,4,cadastro manual — produto comercial comum,2026-10-09,acetamiprido
Benevia,Benevia OD|Benevia FMC|Ciantraniliprole OD,,OD,9,cadastro manual — produto comercial comum,2026-10-09,ciantraniliprole
Polytrin,Polytrin EC|Profenofos Cipermetrina,,EC,11,cadastro manual — produto comercial comum,2026-10-09,profenofos+cipermetrina
Tiger,Tiger EC|Tiger 100|Piriproxifem EC|Cordial,,EC,11,cadastro manual — produto comercial comum,2026-10-09,piriproxifem
Dicamba,Banvel|Banvel 480|Atectra|Dicamba SL,,SL,16,cadastro manual — generico comum,2026-10-09,dicamba
Carbendazim,Carbendazim Nortox|Carbendazim 500 SC|Bendazol,,SC,8,cadastro manual — generico comum,2026-10-09,carbendazim
Avatar,Avatar WG|Avatar 300|Indoxacarbe WG,,WG,6,cadastro manual — produto comercial comum,2026-10-09,indoxacarbe
